<?xml version='1.0' encoding='UTF-8'?>
<dataset>
	<record>
		<id>1</id>
		<first_name>Madlen</first_name>
		<last_name>Rait</last_name>
		<email>mrait0@youtu.be</email>
		<gender>Female</gender>
		<address>588 Nova Park</address>
	</record>
	<record>
		<id>2</id>
		<first_name>Kenna</first_name>
		<last_name>Weight</last_name>
		<email>kweight1@ucsd.edu</email>
		<gender>Female</gender>
		<address>8 Packers Way</address>
	</record>
	<record>
		<id>3</id>
		<first_name>Jarret</first_name>
		<last_name>Welford</last_name>
		<email>jwelford2@1und1.de</email>
		<gender>Male</gender>
		<address>18 Ramsey Drive</address>
	</record>
	<record>
		<id>4</id>
		<first_name>Buffy</first_name>
		<last_name>Farington</last_name>
		<email>bfarington3@freewebs.com</email>
		<gender>Female</gender>
		<address>4 Fieldstone Road</address>
	</record>
	<record>
		<id>5</id>
		<first_name>Prisca</first_name>
		<last_name>Cawdery</last_name>
		<email>pcawdery4@twitpic.com</email>
		<gender>Female</gender>
		<address>8276 Stuart Road</address>
	</record>
	<record>
		<id>6</id>
		<first_name>Ignacio</first_name>
		<last_name>Beardsworth</last_name>
		<email>ibeardsworth5@simplemachines.org</email>
		<gender>Male</gender>
		<address>14 Kinsman Point</address>
	</record>
	<record>
		<id>7</id>
		<first_name>Borden</first_name>
		<last_name>Grigsby</last_name>
		<email>bgrigsby6@slashdot.org</email>
		<gender>Male</gender>
		<address>8 Old Gate Center</address>
	</record>
	<record>
		<id>8</id>
		<first_name>Kimberley</first_name>
		<last_name>Beadnell</last_name>
		<email>kbeadnell7@amazon.de</email>
		<gender>Female</gender>
		<address>8664 Heath Terrace</address>
	</record>
	<record>
		<id>9</id>
		<first_name>Lisha</first_name>
		<last_name>Lenden</last_name>
		<email>llenden8@freewebs.com</email>
		<gender>Genderfluid</gender>
		<address>7840 Menomonie Pass</address>
	</record>
	<record>
		<id>10</id>
		<first_name>Trina</first_name>
		<last_name>Kinnear</last_name>
		<email>tkinnear9@tamu.edu</email>
		<gender>Female</gender>
		<address>01 Hintze Street</address>
	</record>
	<record>
		<id>11</id>
		<first_name>Allys</first_name>
		<last_name>Greetham</last_name>
		<email>agreethama@clickbank.net</email>
		<gender>Female</gender>
		<address>61 Vera Drive</address>
	</record>
	<record>
		<id>12</id>
		<first_name>Orel</first_name>
		<last_name>Adamczyk</last_name>
		<email>oadamczykb@nhs.uk</email>
		<gender>Female</gender>
		<address>8873 Sycamore Center</address>
	</record>
	<record>
		<id>13</id>
		<first_name>Shauna</first_name>
		<last_name>Hinzer</last_name>
		<email>shinzerc@statcounter.com</email>
		<gender>Female</gender>
		<address>2 Blackbird Center</address>
	</record>
	<record>
		<id>14</id>
		<first_name>Virgil</first_name>
		<last_name>Klimsch</last_name>
		<email>vklimschd@biblegateway.com</email>
		<gender>Male</gender>
		<address>7 Autumn Leaf Lane</address>
	</record>
	<record>
		<id>15</id>
		<first_name>Austine</first_name>
		<last_name>Twinning</last_name>
		<email>atwinninge@google.com.au</email>
		<gender>Female</gender>
		<address>9643 Warner Way</address>
	</record>
	<record>
		<id>16</id>
		<first_name>Sloane</first_name>
		<last_name>Eslie</last_name>
		<email>seslief@dropbox.com</email>
		<gender>Male</gender>
		<address>256 Packers Lane</address>
	</record>
	<record>
		<id>17</id>
		<first_name>Adara</first_name>
		<last_name>Sleet</last_name>
		<email>asleetg@cornell.edu</email>
		<gender>Female</gender>
		<address>1 Corscot Trail</address>
	</record>
	<record>
		<id>18</id>
		<first_name>Ricardo</first_name>
		<last_name>Beaglehole</last_name>
		<email>rbeagleholeh@bbc.co.uk</email>
		<gender>Genderqueer</gender>
		<address>6 Toban Street</address>
	</record>
	<record>
		<id>19</id>
		<first_name>Dunstan</first_name>
		<last_name>Ravenshear</last_name>
		<email>dravensheari@jugem.jp</email>
		<gender>Male</gender>
		<address>3147 8th Lane</address>
	</record>
	<record>
		<id>20</id>
		<first_name>Martie</first_name>
		<last_name>Leaman</last_name>
		<email>mleamanj@cbslocal.com</email>
		<gender>Female</gender>
		<address>36329 Fieldstone Center</address>
	</record>
	<record>
		<id>21</id>
		<first_name>Rolando</first_name>
		<last_name>Spileman</last_name>
		<email>rspilemank@ask.com</email>
		<gender>Male</gender>
		<address>2 Raven Pass</address>
	</record>
	<record>
		<id>22</id>
		<first_name>Curry</first_name>
		<last_name>Seale</last_name>
		<email>csealel@vimeo.com</email>
		<gender>Male</gender>
		<address>7365 Birchwood Terrace</address>
	</record>
	<record>
		<id>23</id>
		<first_name>Gerardo</first_name>
		<last_name>Ribeiro</last_name>
		<email>gribeirom@hp.com</email>
		<gender>Bigender</gender>
		<address>1694 Canary Avenue</address>
	</record>
	<record>
		<id>24</id>
		<first_name>Joella</first_name>
		<last_name>Jantet</last_name>
		<email>jjantetn@facebook.com</email>
		<gender>Female</gender>
		<address>90376 Toban Street</address>
	</record>
	<record>
		<id>25</id>
		<first_name>Magdalena</first_name>
		<last_name>Kingswood</last_name>
		<email>mkingswoodo@fotki.com</email>
		<gender>Female</gender>
		<address>03420 Pine View Street</address>
	</record>
	<record>
		<id>26</id>
		<first_name>Tyne</first_name>
		<last_name>Guiel</last_name>
		<email>tguielp@cocolog-nifty.com</email>
		<gender>Female</gender>
		<address>86 Anthes Place</address>
	</record>
	<record>
		<id>27</id>
		<first_name>Garvey</first_name>
		<last_name>Vannar</last_name>
		<email>gvannarq@geocities.com</email>
		<gender>Male</gender>
		<address>6 Fieldstone Lane</address>
	</record>
	<record>
		<id>28</id>
		<first_name>Rebeka</first_name>
		<last_name>MacNeice</last_name>
		<email>rmacneicer@army.mil</email>
		<gender>Female</gender>
		<address>2 American Ash Park</address>
	</record>
	<record>
		<id>29</id>
		<first_name>Lethia</first_name>
		<last_name>Dinwoodie</last_name>
		<email>ldinwoodies@photobucket.com</email>
		<gender>Non-binary</gender>
		<address>97 Nancy Terrace</address>
	</record>
	<record>
		<id>30</id>
		<first_name>Kimble</first_name>
		<last_name>Campion</last_name>
		<email>kcampiont@ameblo.jp</email>
		<gender>Male</gender>
		<address>44 Quincy Street</address>
	</record>
	<record>
		<id>31</id>
		<first_name>Glynda</first_name>
		<last_name>Snasdell</last_name>
		<email>gsnasdellu@cafepress.com</email>
		<gender>Female</gender>
		<address>3736 Erie Place</address>
	</record>
	<record>
		<id>32</id>
		<first_name>Jeannie</first_name>
		<last_name>Abelson</last_name>
		<email>jabelsonv@loc.gov</email>
		<gender>Female</gender>
		<address>1287 Russell Parkway</address>
	</record>
	<record>
		<id>33</id>
		<first_name>Legra</first_name>
		<last_name>Jackes</last_name>
		<email>ljackesw@deliciousdays.com</email>
		<gender>Female</gender>
		<address>5 New Castle Street</address>
	</record>
	<record>
		<id>34</id>
		<first_name>Baldwin</first_name>
		<last_name>Rossi</last_name>
		<email>brossix@photobucket.com</email>
		<gender>Male</gender>
		<address>8 Oak Valley Plaza</address>
	</record>
	<record>
		<id>35</id>
		<first_name>Brok</first_name>
		<last_name>Tingcomb</last_name>
		<email>btingcomby@seattletimes.com</email>
		<gender>Male</gender>
		<address>9 Crescent Oaks Trail</address>
	</record>
	<record>
		<id>36</id>
		<first_name>Bernelle</first_name>
		<last_name>Blasgen</last_name>
		<email>bblasgenz@upenn.edu</email>
		<gender>Female</gender>
		<address>5326 Old Shore Street</address>
	</record>
	<record>
		<id>37</id>
		<first_name>Ode</first_name>
		<last_name>Illidge</last_name>
		<email>oillidge10@quantcast.com</email>
		<gender>Male</gender>
		<address>1491 Pepper Wood Street</address>
	</record>
	<record>
		<id>38</id>
		<first_name>Alanson</first_name>
		<last_name>Muzzollo</last_name>
		<email>amuzzollo11@blogger.com</email>
		<gender>Male</gender>
		<address>74046 Colorado Avenue</address>
	</record>
	<record>
		<id>39</id>
		<first_name>Gardiner</first_name>
		<last_name>Fallanche</last_name>
		<email>gfallanche12@surveymonkey.com</email>
		<gender>Male</gender>
		<address>149 Kim Park</address>
	</record>
	<record>
		<id>40</id>
		<first_name>Therese</first_name>
		<last_name>Eykelhof</last_name>
		<email>teykelhof13@live.com</email>
		<gender>Female</gender>
		<address>7586 Monument Avenue</address>
	</record>
	<record>
		<id>41</id>
		<first_name>Correna</first_name>
		<last_name>Wharfe</last_name>
		<email>cwharfe14@rambler.ru</email>
		<gender>Female</gender>
		<address>676 Scofield Trail</address>
	</record>
	<record>
		<id>42</id>
		<first_name>Cristabel</first_name>
		<last_name>Storey</last_name>
		<email>cstorey15@myspace.com</email>
		<gender>Female</gender>
		<address>58 Melrose Alley</address>
	</record>
	<record>
		<id>43</id>
		<first_name>Eberhard</first_name>
		<last_name>Clyne</last_name>
		<email>eclyne16@earthlink.net</email>
		<gender>Polygender</gender>
		<address>2 Reinke Junction</address>
	</record>
	<record>
		<id>44</id>
		<first_name>Ailis</first_name>
		<last_name>Romaynes</last_name>
		<email>aromaynes17@google.ru</email>
		<gender>Female</gender>
		<address>53327 Hanover Court</address>
	</record>
	<record>
		<id>45</id>
		<first_name>Jeanie</first_name>
		<last_name>Chrisp</last_name>
		<email>jchrisp18@de.vu</email>
		<gender>Female</gender>
		<address>99263 Walton Parkway</address>
	</record>
	<record>
		<id>46</id>
		<first_name>Juliane</first_name>
		<last_name>Gittens</last_name>
		<email>jgittens19@shareasale.com</email>
		<gender>Female</gender>
		<address>144 Magdeline Circle</address>
	</record>
	<record>
		<id>47</id>
		<first_name>Francklyn</first_name>
		<last_name>Meindl</last_name>
		<email>fmeindl1a@printfriendly.com</email>
		<gender>Male</gender>
		<address>9 Colorado Junction</address>
	</record>
	<record>
		<id>48</id>
		<first_name>Francesca</first_name>
		<last_name>Forrest</last_name>
		<email>fforrest1b@jugem.jp</email>
		<gender>Female</gender>
		<address>91 Meadow Valley Plaza</address>
	</record>
	<record>
		<id>49</id>
		<first_name>Trescha</first_name>
		<last_name>Ablott</last_name>
		<email>tablott1c@blog.com</email>
		<gender>Female</gender>
		<address>736 Talisman Street</address>
	</record>
	<record>
		<id>50</id>
		<first_name>Michelina</first_name>
		<last_name>Pettiford</last_name>
		<email>mpettiford1d@washington.edu</email>
		<gender>Female</gender>
		<address>68121 Macpherson Terrace</address>
	</record>
	<record>
		<id>51</id>
		<first_name>Maribel</first_name>
		<last_name>Gleadhell</last_name>
		<email>mgleadhell1e@1und1.de</email>
		<gender>Female</gender>
		<address>150 Forest Terrace</address>
	</record>
	<record>
		<id>52</id>
		<first_name>Bette-ann</first_name>
		<last_name>Adger</last_name>
		<email>badger1f@cafepress.com</email>
		<gender>Female</gender>
		<address>47 Mayer Place</address>
	</record>
	<record>
		<id>53</id>
		<first_name>Edmon</first_name>
		<last_name>Hutten</last_name>
		<email>ehutten1g@bloomberg.com</email>
		<gender>Male</gender>
		<address>4893 Darwin Point</address>
	</record>
	<record>
		<id>54</id>
		<first_name>Arvie</first_name>
		<last_name>Pindell</last_name>
		<email>apindell1h@theatlantic.com</email>
		<gender>Male</gender>
		<address>5096 Eastlawn Junction</address>
	</record>
	<record>
		<id>55</id>
		<first_name>Brett</first_name>
		<last_name>Pattemore</last_name>
		<email>bpattemore1i@berkeley.edu</email>
		<gender>Agender</gender>
		<address>2529 Artisan Place</address>
	</record>
	<record>
		<id>56</id>
		<first_name>Sabra</first_name>
		<last_name>Linay</last_name>
		<email>slinay1j@oaic.gov.au</email>
		<gender>Female</gender>
		<address>5 Knutson Park</address>
	</record>
	<record>
		<id>57</id>
		<first_name>Rennie</first_name>
		<last_name>Delamere</last_name>
		<email>rdelamere1k@hubpages.com</email>
		<gender>Female</gender>
		<address>0 Brickson Park Point</address>
	</record>
	<record>
		<id>58</id>
		<first_name>Vilhelmina</first_name>
		<last_name>Napton</last_name>
		<email>vnapton1l@wufoo.com</email>
		<gender>Polygender</gender>
		<address>793 Maple Wood Road</address>
	</record>
	<record>
		<id>59</id>
		<first_name>Rafaela</first_name>
		<last_name>Macauley</last_name>
		<email>rmacauley1m@google.it</email>
		<gender>Female</gender>
		<address>536 Bayside Way</address>
	</record>
	<record>
		<id>60</id>
		<first_name>Miner</first_name>
		<last_name>Sans</last_name>
		<email>msans1n@businessinsider.com</email>
		<gender>Male</gender>
		<address>646 Magdeline Drive</address>
	</record>
	<record>
		<id>61</id>
		<first_name>Davy</first_name>
		<last_name>MacLice</last_name>
		<email>dmaclice1o@dot.gov</email>
		<gender>Male</gender>
		<address>4 Melody Court</address>
	</record>
	<record>
		<id>62</id>
		<first_name>Cosetta</first_name>
		<last_name>Goodricke</last_name>
		<email>cgoodricke1p@gizmodo.com</email>
		<gender>Female</gender>
		<address>90 West Pass</address>
	</record>
	<record>
		<id>63</id>
		<first_name>Conn</first_name>
		<last_name>Ellson</last_name>
		<email>cellson1q@ebay.co.uk</email>
		<gender>Male</gender>
		<address>886 Sundown Crossing</address>
	</record>
	<record>
		<id>64</id>
		<first_name>Jemmy</first_name>
		<last_name>Toffano</last_name>
		<email>jtoffano1r@google.de</email>
		<gender>Female</gender>
		<address>38845 Fairfield Pass</address>
	</record>
	<record>
		<id>65</id>
		<first_name>Preston</first_name>
		<last_name>Crowne</last_name>
		<email>pcrowne1s@wikipedia.org</email>
		<gender>Male</gender>
		<address>06634 Lerdahl Hill</address>
	</record>
	<record>
		<id>66</id>
		<first_name>Zorah</first_name>
		<last_name>McMillan</last_name>
		<email>zmcmillan1t@statcounter.com</email>
		<gender>Female</gender>
		<address>14095 Burrows Lane</address>
	</record>
	<record>
		<id>67</id>
		<first_name>Petunia</first_name>
		<last_name>Vearncomb</last_name>
		<email>pvearncomb1u@springer.com</email>
		<gender>Female</gender>
		<address>316 Northland Lane</address>
	</record>
	<record>
		<id>68</id>
		<first_name>Lorry</first_name>
		<last_name>Kubek</last_name>
		<email>lkubek1v@comcast.net</email>
		<gender>Male</gender>
		<address>8 Londonderry Way</address>
	</record>
	<record>
		<id>69</id>
		<first_name>Ali</first_name>
		<last_name>Limer</last_name>
		<email>alimer1w@pinterest.com</email>
		<gender>Female</gender>
		<address>54072 8th Avenue</address>
	</record>
	<record>
		<id>70</id>
		<first_name>Derry</first_name>
		<last_name>Ashlin</last_name>
		<email>dashlin1x@domainmarket.com</email>
		<gender>Male</gender>
		<address>78 Valley Edge Crossing</address>
	</record>
	<record>
		<id>71</id>
		<first_name>Efrem</first_name>
		<last_name>De Ruggiero</last_name>
		<email>ederuggiero1y@cocolog-nifty.com</email>
		<gender>Male</gender>
		<address>40 Tennyson Place</address>
	</record>
	<record>
		<id>72</id>
		<first_name>Tasia</first_name>
		<last_name>Mazzei</last_name>
		<email>tmazzei1z@google.com.hk</email>
		<gender>Female</gender>
		<address>8889 Tomscot Pass</address>
	</record>
	<record>
		<id>73</id>
		<first_name>Paloma</first_name>
		<last_name>Bortolotti</last_name>
		<email>pbortolotti20@state.tx.us</email>
		<gender>Female</gender>
		<address>91140 Sundown Point</address>
	</record>
	<record>
		<id>74</id>
		<first_name>Kore</first_name>
		<last_name>Poytheras</last_name>
		<email>kpoytheras21@rakuten.co.jp</email>
		<gender>Female</gender>
		<address>39269 Eliot Crossing</address>
	</record>
	<record>
		<id>75</id>
		<first_name>Skippy</first_name>
		<last_name>Bispham</last_name>
		<email>sbispham22@archive.org</email>
		<gender>Male</gender>
		<address>55490 Dennis Plaza</address>
	</record>
	<record>
		<id>76</id>
		<first_name>Nicolai</first_name>
		<last_name>Dombrell</last_name>
		<email>ndombrell23@pinterest.com</email>
		<gender>Male</gender>
		<address>8648 Farmco Crossing</address>
	</record>
	<record>
		<id>77</id>
		<first_name>Dorris</first_name>
		<last_name>Drennan</last_name>
		<email>ddrennan24@sphinn.com</email>
		<gender>Female</gender>
		<address>6422 Melby Avenue</address>
	</record>
	<record>
		<id>78</id>
		<first_name>Amelia</first_name>
		<last_name>Davydochkin</last_name>
		<email>adavydochkin25@cnbc.com</email>
		<gender>Female</gender>
		<address>311 Birchwood Trail</address>
	</record>
	<record>
		<id>79</id>
		<first_name>Jillayne</first_name>
		<last_name>Pettiford</last_name>
		<email>jpettiford26@scribd.com</email>
		<gender>Female</gender>
		<address>5536 Arapahoe Point</address>
	</record>
	<record>
		<id>80</id>
		<first_name>Gaile</first_name>
		<last_name>Classen</last_name>
		<email>gclassen27@ft.com</email>
		<gender>Genderqueer</gender>
		<address>37012 Packers Center</address>
	</record>
	<record>
		<id>81</id>
		<first_name>Edee</first_name>
		<last_name>Drought</last_name>
		<email>edrought28@qq.com</email>
		<gender>Female</gender>
		<address>01917 Wayridge Way</address>
	</record>
	<record>
		<id>82</id>
		<first_name>Zelig</first_name>
		<last_name>Heggadon</last_name>
		<email>zheggadon29@macromedia.com</email>
		<gender>Male</gender>
		<address>4 Northwestern Pass</address>
	</record>
	<record>
		<id>83</id>
		<first_name>Berta</first_name>
		<last_name>Kobierski</last_name>
		<email>bkobierski2a@cloudflare.com</email>
		<gender>Female</gender>
		<address>7 Kropf Center</address>
	</record>
	<record>
		<id>84</id>
		<first_name>Charisse</first_name>
		<last_name>Whaymand</last_name>
		<email>cwhaymand2b@wix.com</email>
		<gender>Female</gender>
		<address>96 International Hill</address>
	</record>
	<record>
		<id>85</id>
		<first_name>Maud</first_name>
		<last_name>Rathmell</last_name>
		<email>mrathmell2c@craigslist.org</email>
		<gender>Female</gender>
		<address>42816 Grim Park</address>
	</record>
	<record>
		<id>86</id>
		<first_name>Palmer</first_name>
		<last_name>Dunseith</last_name>
		<email>pdunseith2d@ibm.com</email>
		<gender>Male</gender>
		<address>9 Ilene Road</address>
	</record>
	<record>
		<id>87</id>
		<first_name>Burnard</first_name>
		<last_name>Trafford</last_name>
		<email>btrafford2e@reverbnation.com</email>
		<gender>Non-binary</gender>
		<address>5 Declaration Junction</address>
	</record>
	<record>
		<id>88</id>
		<first_name>Mayne</first_name>
		<last_name>Arkcoll</last_name>
		<email>markcoll2f@europa.eu</email>
		<gender>Male</gender>
		<address>3 Birchwood Park</address>
	</record>
	<record>
		<id>89</id>
		<first_name>Jewel</first_name>
		<last_name>D'Onisi</last_name>
		<email>jdonisi2g@salon.com</email>
		<gender>Female</gender>
		<address>8 Westport Avenue</address>
	</record>
	<record>
		<id>90</id>
		<first_name>Adriano</first_name>
		<last_name>Juschka</last_name>
		<email>ajuschka2h@blogspot.com</email>
		<gender>Male</gender>
		<address>3 Morning Road</address>
	</record>
	<record>
		<id>91</id>
		<first_name>Reginald</first_name>
		<last_name>Pardi</last_name>
		<email>rpardi2i@dropbox.com</email>
		<gender>Male</gender>
		<address>367 Oxford Road</address>
	</record>
	<record>
		<id>92</id>
		<first_name>Tedman</first_name>
		<last_name>Easman</last_name>
		<email>teasman2j@yandex.ru</email>
		<gender>Male</gender>
		<address>01 Merry Junction</address>
	</record>
	<record>
		<id>93</id>
		<first_name>Kylie</first_name>
		<last_name>Pannaman</last_name>
		<email>kpannaman2k@cyberchimps.com</email>
		<gender>Male</gender>
		<address>4636 Wayridge Hill</address>
	</record>
	<record>
		<id>94</id>
		<first_name>Olenka</first_name>
		<last_name>Reen</last_name>
		<email>oreen2l@geocities.jp</email>
		<gender>Female</gender>
		<address>3 Roth Court</address>
	</record>
	<record>
		<id>95</id>
		<first_name>Gayla</first_name>
		<last_name>Breese</last_name>
		<email>gbreese2m@amazonaws.com</email>
		<gender>Female</gender>
		<address>93 Logan Crossing</address>
	</record>
	<record>
		<id>96</id>
		<first_name>Louie</first_name>
		<last_name>Redler</last_name>
		<email>lredler2n@va.gov</email>
		<gender>Male</gender>
		<address>15 John Wall Plaza</address>
	</record>
	<record>
		<id>97</id>
		<first_name>Easter</first_name>
		<last_name>Boother</last_name>
		<email>eboother2o@soup.io</email>
		<gender>Non-binary</gender>
		<address>0172 Ramsey Point</address>
	</record>
	<record>
		<id>98</id>
		<first_name>Hyacinth</first_name>
		<last_name>Hanburry</last_name>
		<email>hhanburry2p@php.net</email>
		<gender>Female</gender>
		<address>9 Bultman Hill</address>
	</record>
	<record>
		<id>99</id>
		<first_name>Marcel</first_name>
		<last_name>Scorer</last_name>
		<email>mscorer2q@pagesperso-orange.fr</email>
		<gender>Male</gender>
		<address>814 South Junction</address>
	</record>
	<record>
		<id>100</id>
		<first_name>Imelda</first_name>
		<last_name>Joynson</last_name>
		<email>ijoynson2r@sun.com</email>
		<gender>Female</gender>
		<address>23105 Claremont Point</address>
	</record>
</dataset>