<?xml version="1.0" encoding="UTF-8"?>
<!DOCTYPE mapper PUBLIC "-//mybatis.org//DTD Mapper 3.0//EN" "http://mybatis.org/dtd/mybatis-3-mapper.dtd">
<mapper namespace="music">

	<insert id="create" parameterType="musicVO">
		insert into music values (null, #{name}, #{musician}, #{img})
	</insert>
	<update id="up">
		update music set name = #{name} where no = #{no}
	</update>
	<delete id="del"  parameterType="Integer">
		delete from music where no = #{no}
	</delete>
	<select id="one" parameterType="musicVO" resultType="musicVO">
		select * from
		music where no = #{no}
	</select>
	<select id="all" parameterType="musicVO" resultType="musicVO">
		select * from
		music
	</select>

</mapper>